0,words
2,msc_page
23,Guy
163,get
12,tattoo
215,SXSW
19,could
86,win
77,free
1012,iPad
643,2
4,#tattoo
48,#ipad
1,#allshare
64,guy
25,front
40,panel
126,ipad
1,etch-a-sketch
56,case
224,...
11,device
1,wondeR
597,?
1,#iusxsw
24,Check
11,Design
8,Headaches
8,Tablets
5,Call
6,Morning
18,#tapworthy
23,First
10,Thanks
24,sign
569,!
3,Looks
73,like
35,hour
5,late
1,#sadpanda
1,Attn
11,dude
56,use
131,new
9,camera
1,middle
1,overcrowd
8,presentation
10,rock
4,#fail
99,#iPad
7,interface
8,control
6,top
37,mobile
2,bottom
2,Aaron
2,P
45,apps
13,feel
9,web
15,much
2,browser
19,IPad
1,neither
6,print
10,#newsapps
2,#seenatsxsw2011
32,Best
39,thing
77,see
12,far
8,man
3,beg
13,street
7,corner
29,money
120,apple
600,store
2,Sad
78,I'm
20,really
3,mess
67,make
11,instead
7,bet
23,someone
29,leave
14,queue
1,Take
3,Two
3,excite
24,hear
14,live
28,I've
16,weekend
66,give
24,#Japan
36,relief
75,need
2,Send
1,waaaambulance
8,:(
11,Yes
1,depress
66,rumor
1,mill
27,3
12,6
7,15
1,slightly
1,thinner
3,rare
1,earths
10,different
35,still
1,smudgy
23,screen
14,post
5,jealous
2,BTW
1,auto
1,corrects
2,ass's
7,joke
40,check
41,game
1,changer
1,multiplicity
2,option
4,either
4,p
1,ay
8,content
103,popup
81,#apple
6,lone
15,security
7,guard
6,enjoy
75,#ipad2
102,go
22,sale
21,Friday
60,day
42,start
11,Wonder
27,many
11,attendee
9,spend
18,stand
226,line
10,#gsdm
8,#agnerd
7,confession
31,laptop
16,blackberry
20,follow
6,afar
6,#agchat
2,couch
3,prop
1,gut
7,full
1,breakfast
1,taco
2,dangerous
4,position
1,inertia
8,What's
14,happen
17,tonight
22,friend
18,can't
37,wait
5,Want
30,head
1,www.pep.jobs/upc
20,enter
7,must
5,present
52,say
1,ubiquitous
13,lot
1,faster
32,anyone
7,expect
37,year
15,even
2,mo
8,ago
45,1
2,350
7,they'll
7,99
89,know
8,Look
579,iPhone
1,#Smile
47,think
43,Apple's
179,pop-up
444,Austin
44,would
4,interest
9,actually
88,pop
844,Apple
3,nut
26,pack
2,11:30
18,two
3,Austin-area
7,retail
11,location
2,anticipation
9,gadget
8,#gadgets
4,sort
10,wish
266,Store
63,sell
2,actual
7,#enchantment
1,Bright
13,spot
1,Pagemaker
28,save
8,believe
2,God
10,b
3,c
2,explanation
1,survival
5,Nice
3,speaker
1,sneak
1,irrelevant
1,snarky
4,comment
2,Class
1,#authenticationdesign
1,oddly
1,obnoxiously
34,long
1,#hesayswithtwohoursleft
22,music
1,lamewad
2,promo
1,fest
3,#zappos
138,#Apple
4,#Samsung
6,etc
8,surprise
4,local
17,news
9,mention
7,traffic
2,implication
127,launch
88,today
1,Rumoured
1,iun
13,austin
3,texas
3,cheer
1,WOW
9,Pop-up
12,seem
12,pay
7,That's
7,Barry
10,Diller
35,Line
19,person
2,a.m.they
50,5
29,way
39,block
1,Score
1,imo
1,tshirt
20,outside
1,2:15
12,PM
1,imo's
172,app
1,Stores
3,Brian
13,build
88,one
1,u're
59,u
2,cooler
5,10:30
203,open
5,Funny
13,CNN
4,stay
3,clear
2,cuz
37,first
21,product
1,plague
11,twitter
7,stream
1,rent
7,space
124,downtown
4,Must
3,avoid
1,radius
23,tomorrow
117,via
7,#photo
7,arrive
9,issue
1,resolve
1,Dying
1,cant
2,login
12,@mention
5,we're
1,Dialy
6,Grape
1,#thankyou
2,Tyson's
73,iphone
24,good
2,original
13,Mike
1,Punchout
2,geeky
7,enough
3,Instead
7,challenge
1,Boggle
15,Go
2,AKQA
9,hire
15,Find
49,Designing
28,Interfaces
122,New
24,Navigation
24,Schemas
12,Ballroom
14,may
1,coin
2,term
2,apptrophy
1,unused
1,disuse
4,Native
2,accessibility
61,design
1,guideline
1,WCAG
3,apply
1,#POURSite
5,Follow
4,coverage
44,#UberSocial
140,#iPhone
85,App
51,include
45,UberGuide
33,sponsor
23,#Mashable
3,#app
14,walk
46,around
4,star
52,4
25,everyone
4,else
1,ummmm
2,ditto
1,spontaniety
6,life
3,replace
7,technology
30,battery
4,die
5,home
5,Great
4,#busy
1,Austinjs
3,autocorrects
1,Sisyphus
8,sayin
22,charge
58,talk
2,sun
2,boom
2,experiment
5,paper
2,notebook
1,traditional
8,Still
1,first-generation
6,Wondering
6,kick
1,Talking
8,old
15,developer
1,genius
56,come
1,proud
1,dad
1,BD
1,Riley's
1,Irish
1,Pub
2,Ellen
2,Page
4,appearance
2,reduce
22,call
2,Hearts
3,Broken
2,#super
2,wife
20,try
4,ATT
4,number
36,work
48,take
7,network
1,nationwide
4,Naomi
4,Campbell
4,rage
27,Apps
3,#SpeechTherapy
13,Communication
13,Showcased
13,Conference
3,#iear
3,#edchat
3,#asd
4,Holler
4,Gram
6,iTunes
36,Anyone
39,want
57,buy
1,SPIN
4,Play
2,concept
1,discovery
4,#iTunes
1,VatorNews
16,Google
3,Force
3,Print
13,Media
1,Evolve
33,HootSuite
41,Mobile
30,Updates
28,BlackBerry
94,Android
2,Whether
31,Hey
4,answer
15,#zazzlesxsw
7,Mashable
8,Takes
9,VIDEO
1,I-Pad
4,Khoi
5,Vinh
4,Conde
4,Nast's
2,headlong
4,rush
4,publishing
4,fundamental
4,misunderstanding
25,platform
9,Kawasaki
2,Enchanted
8,stuff
2,#books
4,#internet
2,Agree
6,Wait
3,FIONA
4,APPLE
12,town
5,Somebody
3,kidnap
19,put
9,record
3,studio
4,album
7,Droid
6,Mac
33,:)
1,flashmob
1,tcrn.ch/fcs45j
6,#HP
3,Park
1,Content
1,Incubator
1,construct
2,pagemaker
12,Oh
2,#jwtatl
6,Unboxing
18,school
6,#marketing
10,expert
3,CNET
1,Blogs
8,marketing
31,#Austin
1,trend
3,matter
18,minute
4,point
8,least
3,accord
29,Twitter
3,#ux
6,#uxdes
4,remember
2,ultimately
1,aware
4,audience
1,target
1,towards
1,unexpected
13,experience
3,#Sony
5,lead
9,#atx
1,rg
6,account
20,download
3,Headed
13,share
3,gather
9,contact
13,info
14,turn
11,business
15,card
1,broadcaster
9,3G
5,model
2,VZW
2,gotta
4,hop
8,place
1,#fastball
2,Giving
36,away
3,NEW
12,Ipad
10,wifi
2,32g
6,black
7,cover
32,tweet
2,fo
1,#attsxsw
1,Tonight
1,bo.lt
4,house
25,chance
3,worth
1,trek
9,convention
7,center
3,selling
4,shipment
41,iPads
20,yet
2,Marc
2,Ecko
1,autodial
1,political
12,change
1,#edreform
1,#edtech
1,#eduVC
2,#FightThePaddle
13,pick
3,willing
5,50
6,grab
1,Solving
1,induced
1,iPhone-in-toilet
2,crisis
3,Attending
2,Work
6,development
9,Looking
1,Austin-based
7,iOS
3,Let's
1,Currently
1,150
63,people
17,Pop
12,available
4,64GB
1,wifi-only
1,699
5,plus
1,optional
1,leather
8,smart
1,69
4,Less
6,announce
15,detail
14,giveaway
8,course
1,200M
21,user
4,credit
1,sync'd
3,click
8,purchase
2,. .
16,#winning
10,Post
7,We'll
7,Using
15,South
7,Southwest
10,Interactive
78,#iPad2
7,longer
1,wider
1,250
7,U
4,extra
2,sunny
4,Extra
1,stow
1,Wandering
62,6th
9,girl
1,Stopped
1,ceviche
1,mojitos
13,juice
1,ice
1,cream
1,Aussies
3,Sold
5,70
3,Went
3,Buyers
15,REPORT
11,Sixth
8,Street
17,tell
13,tablet
10,every
4,single
1,Receiving
3,message
2,sexy
5,response
53,look
15,meet
2,fellow
1,Christian
2,devs
2,piss
12,trade
62,show
20,hand
1,Pissing
1,KIIIIIILLING
27,right
2,HOBO
2,SHOTGUN
2,survey
4,Starbucks
11,Got
5,gift
4,Instant
3,research
2,gratification
147,temporary
1,Retail
18,release
2,Opens
9,5pm
2,Questions
4,what's
4,inside
3,Fire
1,Paraormal
2,activity
1,Sanctuary
1,Sketching
1,AR
1,Interactivity
5,magic
1,lense
1,#EduAR
1,IIe
2,ad
2,85
1,SI
1,swimsuit
2,garage
25,Flipboard
4,Adds
5,Instagram
5,Photos
16,Social
2,Search
1,#SocialSearch
4,Audioboo
1,American
1,Dream
1,Bust
1,#bum
1,#begger
1,#us
1,#socialart
1,#Documentally
7,lock
2,Realtime
2,curated
20,cc
3,here's
19,pic
1,#unsix
23,cont
3,thirsty
2,Chevy
2,Volt
11,Lounge
69,w
4,16
21,others
2,playing
3,song
2,choose
3,random
1,Skream's
5,Listening
1,Records
6,wall
1,Appropriate
30,v
8,World
5,Panel
9,3:30
9,miss
2,Say
1,BREAKING
1,partnership
1,porn
4,industry
33,video
10,chat
1,O-FaceTime
3,Surprise
9,nerd
8,#technews
90,set
8,#Tech_News
7,#iPad_2
1,#Rance_Wilemon
39,#tech
39,Opening
59,Pop-Up
1,#American_Statesman
1,#Apple_Apple
7,Geekfest
2,#Brian_Lam
7,til
6,Midnight
12,stock
61,Congress
12,#austin
1,2wks
9,special
4,www
2,thedomain
20,#fb
19,Temporary
12,huge
3,noon
14,close
14,run
24,10
1,Base
1,Camp
25,already
10,form
4,festival
1,stall
1,Data
1,sluggish
29,Come
13,Verizon
1,embarrass
7,customer
3,switch
1,Slate
1,safari
1,#electricnews
3,Unloading
14,congress
5,Temp
1,jaloux
1,iPad.Look
3,bus
22,1st
1,Screenburn
5,client
1,#travellerARlaunch
44,find
10,demo
1,PicCraft
4,"5,000-"
4,square-foot
6,test
4,potential
2,Nerd
1,bait
69,shop
27,core
32,action
1,Long
1,Else
10,March
11,11
10,TX
4,registration
8,Awesome
13,yesterday
18,Day
1,cute
12,Texas
5,amaze
1,influential
3,foursquare
15,Microsoft
6,#Winning
1,woke
5,finish
4,recharge
6,mean
5,sleep
35,last
19,night
3,Companies
1,#NFC
3,Nexus
1,Nokia
12,also
1,carriers
2,Verifone
26,big
3,mistake
26,bring
31,charger
6,Black
18,white
9,question
9,blog
2,Dashboard
11,Hoot
10,Blog
5,computer
2,Panels
1,Illustrated
2,PICS
16,]:
1,Sometimes
12,best
4,#News
1,#Ogilvy
1,#trending
8,#Cyber
1,Classics
1,m4
1,3/12
1,12:40
5,tool
1,collaboration
7,across
1,boundary
3,google
1,webex
1,dropbox
1,whiteboarding
1,basecamp
1,join.me
1,#evolvingworkplace
6,speak
2,40
10,min
2,Ballrm
3,11:00
22,#UXDes
2,Among
8,cool
1,goofy
2,spy
1,EtchnSketch
1,grown
1,tug
7,war
3,He's
8,probably
1,fitIng
12,crazy
18,sxsw
5,realize
3,Crazy
15,crowd
2,L
1,UJ
28,booth
8,ACC
6,hall
1,Snap
7,send
4,em
1,tire
11,hold
32,week
2,death
9,happy
2,default
1,state
1,leisurely
1,contemplative
2,definitely
2,hot
1,topic
5,Every
34,session
8,room
9,Next
3,lesson
6,learn
9,Netflix
1,deliberately
1,availability
3,large
1,chunk
2,base
3,AKQA's
5,Lynn
4,Teo
8,yes
2,hiring
4,Taking
1,Adobe
5,develop
1,engine
1,essentially
1,convert
1,SWF
2,file
1,jQuery
10,HTML
5,exist
4,flash
3,portable
2,Behaviour
3,diff
8,Lots
31,phone
2,Notsomuch
5,internet
62,time
1,Pulling
1,trigger
12,bad
2,button
2,abnormal
2,amount
14,update
9,Web
1,Devs
2,signup
2,Relic
23,2011
1,eligible
3,guess
2,draw
1,chimp
5,Sorry
4,Even
3,Begins
2,Wins
8,past
1,major
1,dilemma
9,Good
2,luck
7,Stop
1,DSLR
7,film
2,discussion
1,moderate
1,fame
2,Packed
6,stupid
3,Stupid
19,Game
7,currently
2,Trying
1,#widfy
1,May
1,#Social_Search
4,il
4,CEO
3,di
2,flipboard
2,annuncia
2,la
2,versione
43,next
8,Team
11,Please
1,#college
21,social
1,"7,000"
2,follower
6,#socialmedia
1,Gear
8,list
13,Blackberry
1,Sprint
1,Jambox
8,HP
1,elitebook
1,Lacking
1,headphone
2,Suggestions
3,Saving
15,photo
4,Catch
2,Matt
2,Carlson
2,Matthew
2,Davis
4,Mon
3,9:30
8,Hilton
1,Searching
1,queue's
1,front's
14,since
1,5am
3,apparently
24,Win
7,friends
7,borrow
2,TONIGHT
3,LMK
10,future
5,touch
13,wonder
1,microsoft
10,employee
1,Geek
5,Games
1,Compete
1,Gain
3,VIP
1,Status
5,Big
1,Prizes
1,#mashable
1,#geek_games
3,Zazzle
8,gear
13,hit
14,create
42,Get
2,SoundCloud
9,Use
6,4sq
2,geotagging
7,map
1,#at
4,prize
19,..
4,kindle
2,Sheraton
4,Zaarly
10,beta
3,referral
1,#craigslistkiller
8,7
1,sitter
1,score
1,apple-martin-like
1,#babyheadphones
1,bomb
16,lose
1,devastate
4,EA
4,Zynga
13,Facebook
5,Intuit
4,gaga
4,drunk
4,search
1,yahoo
3,Bring
10,#touchingstories
10,#
8,Digital
7,Magazines
4,half
3,we'll
1,thisisdare
8,gonna
1,hang
5,hack
1,NOOK
2,neck
7,become
1,Flava
1,Flav
3,Top
8,hipster
5,BB
1,Discriminatory
1,;P
13,We're
3,officially
1,FC
4,Grill
8,ur
4,PC
2,Dell
2,otherwise
9,MacBook
4,Pro
17,I'll
11,soon
15,little
22,#Android
14,love
10,wanna
11,20
28,let
1,T-minus
12,medium
1,maven
1,perform
1,degrade
1,sex
1,act
2,Hint
2,Answer
2,Year
1,#Bill_Murray
1,#How_To
1,popups
1,Gee
2,Scavenger
1,Hunt
3,fit
1,luggage
4,Hmmm
1,Holy
1,moly
4,Ok
7,totally
1,Bateman
9,Last
6,travel
1,heavy
5,light
4,Left
1,Bueller
8,gen
7,door
7,funny
1,Tim
1,elsewhere
1,shorter
5,another
10,interview
2,disaster
3,year's
1,Evan
1,Woods
1,alot
1,staring
26,able
15,afford
23,attend
21,consider
29,Japan
19,earthquake
25,please
7,join
11,NFC
5,Maybe
3,influence
4,choice
2,facebook
1,#UnderstandingHumans
1,Can't
8,Heard
1,pretty
1,intense
3,Spin
6,Party
3,Hanging
2,Cedar
2,Courtyard
2,Fret
8,owner
1,Clipboard
1,carny
1,#lowtech
3,IE9
1,Amid
1,glow
2,logo
1,#classicaudiencemisread
2,#hashable
7,cloud
6,Business
2,Cards
1,Soo
2,Rumor
5,Strange
1,SW
2,Could
1,Shhh
52,opening
7,bit.ly/g03MZB
11,Gets
7,Posterous
6,Joins
6,Pile
4,Events
4,TechCrunch
1,#RichPearson
5,break
1,#sorry
7,Time
7,Foursquare
2,Ups
1,#Friends_Offer
1,#The_Game
29,back
1,cha
4,upgrade
6,Keep
1,tab
22,great
1,#craftbeer
9,drink
1,Pint
1,Jon
1,Kolko
11,coffee
2,venture
1,accelerator
1,critically
1,edu
4,Hope
1,smell
2,cheese
3,stick
9,DJ
2,Etsy
38,party
2,#realtalk
1,how's
5,idea
1,till
6,People
1,passing
1,surf
32,temp
15,One
1,awaits
5,likely
1,forming
16,#technology
16,cab
2,10.30-
2,11p
2,Sketchily
2,lurk
2,boi
4,concert
2,8am
2,HARD
14,read
2,massive
2,announcement
2,deadline
2,#lovemyjob
4,Man
4,panhandle
10,world
3,Hiring
3,marketer
4,designer
3,creatives
5,pro
4,#Aquent
4,1415
3,Might
2,#cbatsxsw
1,amazes
1,tuck
1,flap
1,omfg
1,Webber
2,Dionne
2,Warwick
3,#BlackBerry
1,#Keitai
1,#hootsuite
1,Shared
2,Paul
1,#shared
9,friendly
7,fun
4,Audi
9,car
1,deed
5,return
1,Exogear
3,backup
1,Priceless
2,Sent
3,Behind
13,100
4,email
12,Give
3,compose
3,reply
4,#protip
1,whats
5,name
2,#imthetype
4,page
4,flip
1,effect
1,fake
1,needle
1,cd-player
4,Groups
5,solve
5,parent
1,#worklifeprogress
1,fin'ly
1,vamos
1,probar
6,spending
3,R
1,innovate
2,publisher
1,subsidize
2,effort
5,News
5,table
7,three
5,8
2,#gadgetoverload
1,batch
2,deliver
10,tip
3,;-)
4,brightness
2,#conservebatterylife
2,#peace
3,Tip
2,Turn
2,push
2,fetch
1,manual
2,mode
3,mail
1,cal
9,data
2,Grille
2,#zazzlsxsw
1,Idle
1,expensive
1,80
1,Thats
1,canada.RT
7,everything
10,except
6,64gig
4,await
2,#tablets
4,continue
2,success
4,existence
23,Open
18,Shop
1,#property
1,#realestate
1,Wear
1,OpenBeta
1,Badge
16,might
1,QuiBids
1,Launching
5,participate
6,LaunchRock
4,comp
2,invite
1,moderator
1,Europe
1,spent
1,3000
2,roaming
1,2010
1,brown
2,windows
1,grows
11,PopUp
1,Gold's
1,Gym
4,Watch
3,interact
1,information
9,small
6,#tablet
2,Pepsi
2,Max
2,Marketing
1,Tshirts
18,play
1,SWSX
2,non
1,electronics
5,Found
2,PR
2,compute
1,redeem
3,fell
1,swoop
2,presenter
4,attendees
3,Im
4,Q
1,Qik
8,Video
3,Connect
4,Plus
2,Rec
4,Bad
5,job
5,mtg
5,note
7,Make
2,voluntary
2,participant
4,#gamestorming
2,Future
1,instore
2,biz
2,inventory
1,ala
1,mullet
1,#kiosks
3,Love
3,en
3,route
2,tx
2,accompany
2,fedoras
2,instrument
5,weird
2,haircut
1,Shut
3,several
11,There's
7,short
1,Danger
6,sit
11,floor
13,iPod
1,dread
5,dead
1,butt
2,Damn
1,tingle
1,#SXnewworlds
4,spilled
4,bean
5,#sxflip
1,spambots
1,ramp
2,#free
1,#offers
1,#spammers
1,#goaway
1,inspiration
3,favorite
1,baracades
7,early
5,Staying
4,Alive
4,Indie
6,Development
4,Survive
2,#StayingAlive
2,custom
5,almost
2,supposedly
1,ish
3,official
1,Enjoy
1,tall-tee
1,hoodies
6,True
8,Let
2,sink
1,#corporate
1,#hipster
2,alert
1,#iPads
1,Palo
1,Alto
6,i'm
3,convince
2,ship
2,majority
1,tcrn.ch/eB5fjs
1,hahahahah
8,that's
4,Never
5,Someone
18,ask
1,Reid
1,Hoffman
15,Need
9,beard
10,text
11,ppl
7,interactive
3,portion
14,sure
1,#iStoned
1,#tweetaholic
1,#tweetanonymous
1,#addict
7,Pics
10,IPhone
1,Word
5,setup
5,crew
1,tom
1,Ill
1,Phrase
18,ready
16,android
3,#Texas
2,setting
1,unpack
1,Picked
3,mophie
1,boost
1,chick
1,ample
1,eat
1,alone
2,normal
1,dell
1,Feeling
2,dork
11,geek
3,conference
3,sense
1,ha
1,"100,000"
5,ipads
2,le
5,country
2,plant
10,air
2,#doingitwrong
1,glimpse
2,wk
1,fixed
1,cnr
10,near
1,conventionctr
1,LISTEN
1,brocast
1,episode
2,#ios
29,#iphone
8,#music
1,buddy
3,figure
5,keyboard
1,Told
2,netbook
1,unconvinced
1,obviously
1,waste
1,MacWorld
1,Three
10,type
1,Ghost
2,Kid
2,Remove
4,access
3,corporate
2,4pm
8,listen
2,discuss
8,interaction
2,paradigm
1,Doesnt
1,bite
7,Traveling
6,3/10
1,metric
1,determine
1,engagement
1,drain
1,9
13,folk
1,Smule's
1,Ocarina
1,Zelda
1,theme
2,later
1,Set
13,Popup
3,RIM
4,r
2,lease
3,Coming
2,Soon
3,5000
2,sqft
2,Ave
3,#media
1,popoup
2,Con
2,#prsa
3,AAPL
3,ground
1,unveil
1,sh
1,Leases
1,Australian
1,knob
1,celebrity
1,journalist
4,shoot
2,re-shoot
1,vid
4,meeting
5,celebs
5,easy
2,distance
1,bezel
1,pager
1,ap
3,Interesting
2,Switching
2,office
2,FlipBoard
2,Gamechanger
2,Passing
2,Fad
4,Tech
2,Cocktail
26,event
2,Smackdown
10,#android
2,#windowsphone
2,Available
2,#Blackberry
2,#windowsmobile
6,Touching
6,Stories
2,presence
1,#pcbuzz
1,glass
2,Lies
4,face
1,handsfree
4,connection
7,Think
1,#ARSXSW
1,Argh
6,UX
1,exact
6,dev
9,meetup
1,clone
1,330
3,Radisson
1,Bloody
1,Mary
3,prob
2,concern
6,steal
3,Clearly
1,TIFF
1,Sundance
1,#Filmfestepic
2,spotlight
7,#mobile
2,peak
4,#jobsearch
6,lol
1,#help_sxsw
1,command
1,#Rightnow
7,WHITE
9,4G
9,Internet
18,help
1,embrace
1,Isis
1,TMobile
3,payment
5,system
1,#mcommerce
5,Interview
2,McCue
2,Co-Founder
2,Users
5,tune
2,#smc
2,#ATX
1,Ppl
10,hope
1,monkey
1,fucker
5,bot
1,stalk
1,everytime
2,round
1,#cmsxsw
1,#nonprofit
1,ticket
1,Gaslamp
1,Strip
2,Unless
1,_really_
4,simple
1,Personal
14,without
1,static
1,IP
1,#IPad2
2,er
5,#LP
8,#travel
2,bargain
1,tryna
1,call-girl
1,backpages
1,Nav
1,Overcome
1,Provide
1,Proof
5,White
1,earbuds
2,--->
1,bridge
1,gap
5,hotel
1,#Brilliant
1,#popupstore
1,#experiential
6,magazine
8,team
1,DuranDuran
3,Flipboard's
7,Well
2,damn
2,Hopefully
1,Cell
1,Sites
5,along
1,Clif
12,bar
1,Yesterday
9,forget
1,overnight
1,#mobilefail
2,bootleg
2,sidewalk
2,cart
12,power
2,adapter
4,cable
3,Red
2,Bull
3,maybe
1,Gary's
1,Wish
2,clip
2,Tips
1,Prince
1,NPR
2,Videos
1,Toy
1,Shopping
1,Zuckerberg
5,Booth
2,313
2,Ride
2,bike
4,bottle
2,#thisiscrazyfun
1,SKORE
7,Gowalla
1,Done
5,#in
1,Neck
1,shoulder
1,kill
14,thanks
1,heads-down
4,fix
2,Guide
9,Lonely
7,Planet
8,FREE
5,OH
1,boyfriend
1,fail
8,everywhere
1,#verizonFTW
2,networking
6,kind
1,Ideas
3,start-up
4,):
1,#gamification
2,#design
1,#banking
5,2.0
1,#artikelen
1,#dossiers
2,#events
1,#mediapers
1,Announced
1,Wine
1,Library
24,TV
8,Daily
1,screw
1,budge
1,SimpleGeo
1,ubiquity
2,sensor
1,#bemyneighbor
3,surprising
5,popular
3,accessory
1,closely
6,BBQ
1,pork
4,waffle
1,cone
5,Challenge
1,Rethink
3,Reading
3,toptweets
6,Confirmed
12,picture
1,Eats
1,#BBQ
11,Join
8,city
10,end
1,#local
1,KNEW
2,iron
2,mike
12,Convention
12,Center
8,fam
1,MindTouchers
1,MindTouch
1,TCS
11,Tweet
1,Apaan
1,nih
6,begin
3,Happy
1,Spring
1,Break
1,Pre-order
1,Hilarious
4,plaid
9,true
9,Dude
8,there's
3,tsunamis
1,Akhirnya
7,lady
1,XD
2,Rebecca
1,Jurassic
1,Craziness
1,Way
4,#japan
2,#earthquake
2,REDCROSS
1,Chuck
1,Greenberg
1,Tokyo
1,Hurricane
1,Katrina
1,Crescent
3,City
1,WWW.DIVASANDDORKS.COM
3,Invades
2,second
9,view
1,Push
1,Notifications
1,fact
4,assume
1,priori
1,departure
2,terminal
2,Outkast
4,Old
7,player
2,fool
1,Signs
8,plane
1,Arcade
2,ring
1,#letsdothis
1,#disagree
6,Sitting
1,nose
1,Waitress
2,confuse
5,iPAD
2,omarg
3,i've
1,non-apple
3,entire
3,mostly
3,macbook
1,macbooks
2,Filmaster
1,cinemagoers
1,#API
1,#GetGlue
2,#lazyweb
1,UberSoc
2,deaddd
2,Blogger
2,reunite
1,workin
7,hard
1,payin
1,plenty
5,fast
8,visit
8,#Art
3,8th
1,thinking
1,AUS
4,press
3,#tweethouse
2,#dotco
2,3rd
2,handle
2,xtra
3,Scarbrough
9,Building
2,apple's
2,advantage
2,somehow
5,Cool
3,makeshift
1,#tempted
2,Ran
1,Amy
7,Watching
5,LOL
6,worry
3,WHAT'S
3,DEAL
3,HIPSTERS
3,BEARDS
3,RIGHT
4,Sunday
5,couple
9,mom
6,Getting
2,230
1,witness
3,homeless
1,detailed
1,passerby
3,Longest
14,Download
4,B
1,dt
2,ATX
1,Shame
1,t.co/v7jWeKN
1,Radioshack
1,acc
4,Thank
2,retweeting
2,link
20,well
1,reveal
2,Uh
4,oh
2,:-\
2,left
6,wear
1,#iosdevices
1,mad
1,dash
2,complete
1,iPad-formatted
1,Ask
1,Around
3,Wanna
1,chinese
1,bff
1,effen
1,Estoy
8,30
4,member
1,raise
1,n't
2,Thoughts
5,Downtown
7,;)
2,#blackberry
1,#sprint
2,sprint
2,#Monster
13,Free
11,daily
5,Recharge
14,Details
2,#popup
6,Chris
5,Sacca
7,Tweets
4,Fake
4,Beta
4,Invite
4,Follower
4,Swarm
4,Ensues
1,#androidcrunch
2,Scored
2,#mophie
2,#tradeshow
4,Double
1,define
1,language
1,dialect
1,#xwave
2,brain
5,Share
5,photos
6,iReport
8,Official
12,GO
2,Engaging
3,filter
2,#youkidshavefun
1,redirect
1,SF
1,Bay
1,Area
3,employer
1,Staff
1,16gb
1,64g
6,nice
3,suggest
1,pre-paid
1,microsim
1,Starting
3,Steve
1,Jobs
1,Rise
1,Techno
1,Priests
1,worthy
1,Period
2,Thousands
3,demonstrate
19,Going
1,Plan
4,#EMC
2,Sign
10,code
3,t-shirt
5,site
1,#webmobile
1,#mVideo
1,Talked
3,red
1,air's
6,fan
1,#Tigerblood
1,dollar
1,681.00
1,Unopened
2,16GB
6,Visit
1,Z
1,claim
4,cash
1,#willpay
6,badge
2,pickup
1,Head
1,605
6,Almost
7,exhibit
1,Novelty
2,fade
1,among
2,digital
1,delegate
1,AOS
1,steam
2,MashBash
12,SXSWi
5,automatically
2,pls
1,heck
1,sick
1,mini-store
2,95
9,plan
18,See
1,breakout
7,I'd
3,75
2,tradeshow
3,rep
2,dress
2,character
10,service
1,MAC
14,something
2,Explorer
14,saw
4,peeing
1,Gettiing
1,secret
3,ave
1,sbux
1,female
1,alien
1,#rgv
1,exists
7,they're
1,Jony
3,Ive
1,#industrialdesign
1,Quick
1,enable
3,bubble
1,barrier
1,#PAXEast
1,Protect
1,#nerdking
4,Quotables
1,Thinking
2,3/11
7,200
1,snatch
1,upgrading
1,Learning
4,multiple
1,freebeernear.me
1,OSX
1,#hack5
1,#donline
1,Keeping
1,tabs
1,holy
2,wow
1,typo
1,ughhhhh
3,autocorrect
1,inability
1,goo
2,Rackspace
3,Startup
4,Program
3,Cloud
3,Launched
4,2nd
1,wi-fi
3,Used
2,Craigslist
1,pesky
1,eBay
1,fee
1,#ThankGod
2,BizGym
2,ClipCon
3,intro
2,reel
3,#suasxsw
2,#ceokidschat
2,#entrepreneur
2,#smallbiz
4,submit
1,vote
4,quote
1,Walk
1,USA
1,Full
1,Across
1,Sky
2,##Apple_Store
3,signing
3,#wantlet
2,dry
1,beyondbroadcast
1,#evaporation
2,load
2,GroupMe
1,Load
1,brother
5,#news
1,gettin
1,skip
1,#lightnessofbeing
2,Evidence
4,#checkins
1,ahoy
5,reader
14,keep
1,updated
1,#eventseekr
1,Mission
1,failure
1,roast
1,beef
2,sandwich
1,soggy
1,tomato
1,6.25
2,chevy
3,lounge
1,mat
3,Today
1,roam
1,mug
1,#superlucky
4,takeaway
2,thus
4,physical
2,recreate
1,ex
1,Evangelist
1,eloquently
11,art
1,enchantment
5,heart
6,mind
1,Essential
1,#Collaboration
4,#BPM
1,Haralambous
2,Africa
8,market
1,Sudden
1,realization
2,ideas
2,Server
3,400
2,opener
3,beat
1,#virtualwallet
1,#paypal
2,cut
2,software
1,virtual
1,allows
1,volunteer
6,Really
9,brand
2,recognition
3,prefer
1,Delicious
1,Variety
5,:-)
1,#popupstores
2,Alright
1,reasonable
2,1/4
1,1/2
2,Style
3,X
2,brethren
2,pop-ups
2,:/
2,archive
2,2011/03
2,apple-sets-up-temporary-megastore-at-sxsw
2,72296
3,Actually
1,Site
2,Hipster
1,#CO
1,#online
1,#periscope
7,move
1,gowalla
1,Snoring
1,bust
1,documented
1,cpap
1,homie
2,Aquent
2,1413
1,Computer
1,south
1,drive-by
5,baby
1,adventure
17,tech
7,West
1,Talented
3,eww
2,title
1,hockey-fan
1,esque
1,desire
6,fight
3,#platform
2,Woke
2,spring
1,Paywall
1,Daniel
1,Bernard
1,WSJ
1,frictionless
1,lonely
1,planet
16,guide
5,limit
1,period
2,Planet's
1,THANK
2,blue
1,stripe
2,4th
1,ConventionCenter
6,Fast
2,Company
1,droid
2,marketshare
2,linux
1,#essdub
1,Watched
2,staff
3,high
3,five
1,facepalmed
1,Ugh
4,NYC
4,website
1,affect
1,#Speech
11,Therapy
10,Speech
1,#SXSH
5,#hcsm
1,#slp
2,19
1,Apptastic
7,#apps
2,#developers
1,#smartphones
1,##tapworthy
1,Seen
1,pillow
1,mechanical
1,bull
1,jetpacks
5,Another
13,morning
4,write
1,genetic
1,latter
1,Police
10,heard
1,Startups
1,captive
7,US
2,sim
5,3GS
3,#please
1,#shareable
1,Unbelievable
1,#junkies
1,Marshall
2,Jones
1,heads-up
1,hangover
5,stumble
1,Structures
1,Bliss
1,lazy
2,F
7,feed
4,band
1,woefully
1,unprepared
2,spreadsheet
1,notwithstanding
2,object
1,Robert
1,burner
1,Ives
4,Like
1,assert
5,indie
1,hershel
8,wrap
6,heat
4,check-in
3,Hot
3,Spots
6,WP7
2,#wedig
1,Hungover
1,Gatorade
1,Advil
1,#BillLee
1,#HTML
2,hr
2,b4
1,Blackout
1,shower
1,thats
1,atleast
1,#doubleloser
4,schedule
2,let's
4,edition
1,gauntlet
1,seat
1,it'll
1,overflow
3,5th
1,#GDGTAustin
1,havin
1,FUN
3,Mar
2,9-15
5,#lp
1,Reubens
1,lookalike
7,awesome
1,profitable
1,YouTube
1,channel
1,Stepping
1,den
1,#disconnectedSundays
1,#booya
1,avro
2,celeb
2,destination
1,inflatable
1,bouncy
1,castle
1,Expect
1,mob
2,scene
6,W
5,St
3,Miss
3,Battelle
1,mindshare
1,#foodspotting
1,PSFK
3,carry
13,bag
3,Wolfram
1,Tribune
1,Cor
10,Via
1,Niran
1,Babalola
1,Success
1,Blah
5,outlet
1,(-:
4,Post-Facebook
4,Deal
1,#Beluga
4,Final
4,Tune-Up
2,#tc
2,#facebook
4,Beluga
3,#beluga
1,#Facebook
1,#ButFacebook
3,#FastSociety
1,1406-1408
1,deal
2,extend
13,boomer
11,stop
1,disable
1,zoom
1,yourmom
1,Outside
3,Air
3,#startupbus
1,#NYC
2,broadcast
7,Everyone
1,dinosaur
15,version
1,pc
1,Sxsw
1,#inspiredbyprint
1,burn
2,Comparing
2,iPad's
1,skeumorpism
1,cap
1,Bob
1,woohoo
2,shirt
1,Rofl
1,#angrybirds
1,TTYE
2,support
1,Clear
1,succinct
1,vision
1,we've
6,care
1,purpose
2,#rhjr_ux5
1,LiquidSpace
3,Launches
1,Marketplace
1,Workspace
1,treatment
1,Early
5,flight
2,2h
1,qualifies
5,class
1,apt
2,II
2,building
1,Macs
1,Charger
1,Lanyard
1,rave
5,review
1,#MonksOfInvention
3,texting
2,startup
3,bunch
1,Unofficial
3,GoogleTV
4,Connected
4,Experience
2,#ConnectedTV
1,Schiller
3,debut
2,speed
1,tsotchke
1,PowerMat
2,fully
2,Anna's
2,Picks
3,Week
1,03/11
7,book
4,excited
3,documentary
6,Something
6,Ventured
2,rise
6,Intel
5,Genentech
8,Cisco
5,Atari
4,FedEx
3,truck
1,unload
2,Trucks
2,#Rackspace
3,#seo
3,#sem
1,#cloudcomputing
3,#topnews
1,#Top_News
1,ackward
1,non-Macbook
2,Theres
2,vs
1,#Zazzle
2,conf
2,obsolete
1,shallow
1,engaging
1,Evo
1,painting
3,Gallery
3,Show
5,#bjdproductions
2,Circus
1,Sosososo
1,cuteeeeee
1,#thingsthatdontgotogether
1,Jalen
1,Rose
2,#Atx
2,#Austinbusiness
3,#cnet
2,clean
2,Crowd
1,Earns
1,10K
1,Charity
3,Playing
1,unusual
6,keynote
1,speech
1,Ladies
1,gentlemen
1,Mr
2,Rivals
2,Stack
2,#bnet
2,#biz
2,#xoom
2,#laptop
2,#pics
2,#sale
5,serve
1,Brand
1,GE
1,solar
1,carousel
1,Rock
2,n
1,Roll
2,Trailer
1,Hah
1,2moro
2,gold's
2,gym
1,productive
9,anything
2,dongle
1,get'm
1,#ip2
1,ftw
1,FAIL
1,kitchen
1,counter
1,Realized
3,drive
4,airport
2,reserve
6,Stay
2,emergency
2,station
1,bully
4,online
1,privacy
1,Discuss
1,dan
1,maar
1,doen
3,:P
1,Dangerous
1,Jaqueline
1,Bojan
1,Update
1,ONLINE
1,12:01
2,PST
3,3am
1,EST
1,Shipping
1,FYI
1,#JustMet
2,David
1,Beyond
9,story
2,drunken
1,#whattechnerdsdodrunk
1,dumb
1,blonde
1,Evelyn
1,Juwan
1,Howard
3,Woah
3,exchange
4,urinal
2,valuable
2,#ewww
4,Dudes
2,naked
3,simply
2,gaimed
2,Tradeshow
2,Engage
2,multi-touch
4,part
2,Augmented
2,Reality
2,3D
1,Salon
1,J
1,fill
1,quickly
1,predicts
1,Group-Texting
1,next-big
4,Society
1,Comes
2,curious
1,specifically
2,transfer
1,snag
7,thought
2,intend
2,trusty
2,backpack
3,upcoming
10,trip
3,e
1,posible
5,Who's
3,dj
2,Tuesday
2,Douche
5,lunch
1,uniform
2,#FB
2,undivided
2,attention
3,#LeanStartup
4,price
1,49.99
1,explosion
3,carrier
1,#bolinsxsw
1,Doh
1,Boys
2,bed
1,realty
3,tv
1,Thurs
1,#meet
1,#mingle
1,#escape
1,Picplz
5,Photo
1,Collections
1,Borders
1,#RanceWilemon
1,#WhetherApple
1,hardware
1,#rickshaw
1,#lunatik
1,#incase
2,pak
1,Nike
1,Bose
1,bud
1,mifi
2,hashtag
4,anybody
5,Saturday
1,plunge
1,#keepingupwithDKM
2,Avenue
2,Brilliant
1,Convenient
2,6.30
2,HBD
3,donate
2,dime
6,reminder
4,birthday
1,DailyGrape
1,WineLibrary
6,Help
1,wine
2,OMG
2,unique
8,QR
9,Code
4,#vCards
5,Qrafter
8,->
5,#QRCode
1,Barton
2,Creek
1,Store.The
1,Ah
1,courtesy
2,Charge
2,Anywhere
8,fly
1,offline
1,program
1,Smartphone
1,breakdown
2,unofficial
1,98.5
3,iPhones
1,03
1,02
1,Symbian
9,Windows
1,bury
1,hadnt
1,6gjmypj
1,Inevitable
1,pepsi
1,#pedicabs
2,de
5,:D
1,Factor
1,Mexican
1,Fittingly
1,911
2,nav
2,scheme
4,shape
1,hehe
3,SXSW's
1,promos
1,Buy
2,Sets
1,iP
1,emerge
1,restaurant
5,food
2,Detail
2,belie
1,2wk
2,lifespan
1,cop
1,quite
1,#iPAD2
1,temp-to-hire
2,upstart
2,yur
2,snap
2,remind
2,priest
4,bible
2,california
1,clueless
1,OS
4,UI
1,basic
1,Hipstamatic
4,redesign
1,fork
1,e-mail
2,nothing
1,strange
1,mixed
1,spammer
2,regular
4,together
1,Pacific
1,Rim
2,nuclear
1,mute
1,tags
5,conversation
1,#notatSXSW
1,pdparticle
1,Wild
3,all-but-confirmed
2,decision
1,though
1,partake
1,#browserwars
2,Special
1,Revamped
1,Fully
1,Automated
1,Merchant
1,Platform
1,#DennisCrowley
1,39
14,Mom
11,Boomers
2,whole
2,perspective
1,#bitter
1,not-so-secret
1,tomorrow's
1,address
13,pass
4,track
1,dirty
1,atv
1,ona
1,flatbead
4,driver
1,Naked
1,bicycle
10,Tyson
4,Pauly
1,carry-on
1,soho
8,Also
1,pair
1,shoe
1,hello
1,Bundle
2,#startups
1,#reading
2,Finally
1,#AngryBirds
1,Julian
3,scream
1,no-fly
1,zone
1,pigfucker
1,throw
8,kid
1,compliment
2,evening
2,to-be-announced
1,Save
2,tree
2,cardless
1,#environmental
1,confess
1,#mymom
2,Already
2,Anybody
1,board
4,behind
1,barcode
1,Controlling
1,urge
1,scan
1,unveils
1,iCarRadio
1,becomes
3,less
1,Delayed
1,Speakers
1,Product
1,Release
1,#notatsxsw
2,hell
4,suppose
3,#notwinning
6,real
1,zbowling
4,Launch
1,Pretty
1,split
1,appy
1,Sheer
1,madness
1,Codes
3,image
1,Optiscan
1,#qrcode
2,Night
1,fireside
1,Pictionary
1,#werdorks
1,Perhaps
1,vend
2,machine
1,novel
1,#applesxsw
1,#southbysouthwest
1,Lam
4,Handle
4,Demand
1,happens
2,essential
1,th
1,Toronto
1,Pearson
1,International
1,Airport
1,YYZ
2,WhisperGram
2,HollerGram
7,size
2,crave
2,Foodspotting
1,#Mobile
1,sync
1,functionality
3,Ha
1,appropriately
1,Inline
4,Fan
2,FB
1,HahaRT
1,pile
1,empty
1,Loko
1,Yobongoed
1,#Stratlandia
1,Hack
6,Times
1,Square
1,Screens
1,#amazing
1,punch
3,Sweet
1,Seriously
1,Warner
1,Cable
2,roll
1,#entry
1,#friends
1,#house
2,Brown
2,Paper
2,window
1,desperate
5,connect
3,Gary
1,Vaynerchuck
2,l
1,_gger
1,ner
1,winelibrary.tv
1,och
1,sl
1,_pper
3,st
1,_llet
1,Iphone-appen
1,#thankyoueconomy
1,#swesxsw
1,MyPOV
1,#verizon
1,Hard
1,crappy
3,#att
2,Device
2,overload
1,Ratio
1,Offers
1,Sampler
2,Ahead
7,feature
2,artist
5,understand
1,travelled
1,esp
2,RSVP'd
2,#austinites
7,Mistakes
9,Made
4,#netflixiphone
2,closed
2,#pnid
2,exploration
6,wild
2,west
1,STDs
4,creator
2,persistent
6,chase
1,#TakeOneForTheTeam
1,foodie
1,ARW
1,dine
1,#HopeYouDidntGiveHimNone
2,iPad-only
1,tutorial
1,touchpad
1,#honest
5,Group
1,Messaging
1,Roundup
1,Touch
3,#SMS
1,Today's
3,gesture
1,obsession
1,pawn
1,Microsoft's
1,DPE
1,Tweeting
1,#microsoft
2,Forget
3,Hall
2,dual
3,compatible
1,amiss
1,#welivehere
1,Baby
2,unit
1,Ready
1,Exclusive
2,Demo
1,bother
1,month's
2,Everywhere
3,WiFi
3,ever
1,Yeah
1,#Lame
1,EVERYWHERE
1,2.68
3,Observer
1,Session
5,plug
1,Salt
1,Lick
5,suggestion
2,offer
4,peep
1,Summary
1,Engadget
2,:-(
1,effing
1,Republicans
1,alcohol
4,Kicking
4,headache
6,Josh
3,Clark
1,standing
4,Mingly
6,Giveaway
7,Register
1,fin
1,serv
2,battle
1,GOOG
2,operator
2,consumer
1,loyalty
4,ton
1,Banks
1,#bankinnovate
1,eric
1,fwd
2,Dark
1,2nite
1,Crossing
2,finger
1,hopeful
2,23
2,Schedule
1,synched
1,#geek
1,#notmycollegesxsw
1,Queueing
1,Honestly
1,grip
1,Grab
1,twin-girls
3,private
2,founder
2,confirm
1,summer
4,Wired
1,UberSocial
1,Close
1,delightful
1,reprieve
1,flat
2,Bless
2,provide
1,mis-direction
1,fictitious
2,WTF
1,IHOP
1,fyi
5,company
2,Notetaking
2,bingo
3,pull
2,moleskin
3,Whoa
1,Hang
1,Surprising
2,perfectly
1,nothin
1,Announcing
1,crowd-curated
4,eye
1,grill
1,#4hb
1,#cheatday
1,Publishing
1,Mpact
1,Navigating
1,difficult
1,jackass
2,They're
1,nasty
1,Amy's
1,Ice
1,Cream
1,comfortable
2,category
1,mini
1,cooper
1,kidney
3,dig
2,especially
2,east
4,side
5,buzz
2,rough
2,calculation
3,ratio
2,SxSW
2,1:1
1,Monday
2,Glad
2,impact
1,healthcare
1,#amhealth
1,checkout
1,Project
1,Guardian
1,Eyewitness
1,Zinio
1,ref
1,beyond
1,positive
1,#EarthHour
2,Sure
1,producs
1,Impression
2,Abba
1,gotten
1,diss
3,row
7,Music
1,APIs
2,Poor
2,CBS
2,SCVNGR
2,Spy
1,downtime
1,#cbs
1,#scvngr
1,Gr8
3,IRL
1,enjoyed
1,prez
1,mahalo
1,autograph
1,#HISXSW
1,comparison
1,#GermanVersion
2,meet-up
2,afternoon
1,Onto
1,Phoenix
3,Homeless
3,buying
3,#thankyouecon
1,omg
1,brand-new
1,painful
7,Meet
7,Bought
1,#store
2,Taken
8,watch
1,330pm
1,Ooh
1,triple
2,simultaneously
5,Hyatt
1,Regency
1,gross
1,ugh
1,beer
1,haha
1,24
8,#yourmom
1,779
1,background
2,Smart
2,stats
1,specific
1,#cnngrill
1,bberry
1,#swswi
4,insane
1,month
3,promote
1,Deep
1,margarita
1,rude
2,meal
1,6thst
3,Super
1,dueling
1,offering
1,indication
11,Heading
1,limited
3,abt
2,grille
1,Able
1,Catherine
1,Lori
1,lost
2,desk
2,#ftw
3,anywhere
4,bit
3,hey
2,poison
2,pitch
1,capitalist
1,hungry
1,Mention
1,customizable
4,Hi
1,yo
1,DMs
3,fashion
1,#13
1,Emily
2,101
2,Conan
2,Asst
3,fedora
1,visuals
1,#GoogleDoodle
1,Intrigued
1,Marcin's
1,powerglove
1,Imagine
1,sight
1,ok
1,america
1,fuck
7,Waiting
2,African
2,Contingent
1,EightBit
1,Hits
1,Running
1,Power
1,Lot
1,Fun
1,#NES
1,#TheStreet
2,Works
1,lug
2,MBP
2,Hmmmm
1,Cue
1,choir
3,Yellow
2,minivan
1,yellow
1,token
2,entry
2,marketplace
9,Phone
1,Gap
1,Saw
2,Edge
1,ehPhone
1,Canada
1,#aPhone
1,#Canada
1,www.rana.co
1,#iPad2's
1,FRI
4,Walking
4,basically
2,swap
1,rechargeable
1,handy
1,Crap
1,AMEX
1,nfc
1,bandwagon
2,slide
1,RFID
1,Path
1,#iphoneography
1,#mobilephotography
1,1m
1,merchandise
2,Hoping
1,bought
2,wrong
1,awake
1,Ustream
1,dat
1,#kickoffparty
1,ambassador
1,anti-social
1,Filling
1,#ironic
1,thumbs
1,Autism
1,workshop
2,Would
1,LOVE
1,afteward
1,interoperability
1,problem
1,menia
1,#PLAYSXSW
1,HIPSTAMATIC
1,Pack
1,11-20
1,Lady
1,Alice
1,Siggi's
1,Skyr
1,epic
1,snack
1,Showcase
4,article
2,possible
1,#boston
1,id
1,non-iPhone
1,cmon
1,Ceder
1,Rapids
1,Andy
2,ping
1,livestream
4,slap
2,mouth
1,Interviewing
1,portfolio
1,examples
3,piece
1,1k
1,iAnything
1,btwn
1,hook
1,calendar
1,Zen
1,Guadalupe
1,3/19
2,1pm
1,Space
1,Maurice
1,Flight
1,Away
1,Nest
1,Barely
1,hatch
1,#Startups
1,View
1,Visual
1,Donate
1,Allowing
1,Donations
1,Japanese
1,Earthquake
1,Victims
1,AOL
1,Mobile-First
1,Steps
1,Stage
1,#AOL
1,#SolLipman
3,lineup
2,#Billboard
2,Spotify
2,Pandora
1,Recommendations
1,#FriendsOffer
1,#TheGame
1,rm
1,everything's
1,why's
1,Stopping
1,quick
1,#Macallan
3,Arriving
1,Wednesday
3,MicroSIM
1,coincides
1,Fri
1,weep
1,#BillMurray
1,#HowTo
1,#TakingBack
8,Cameron
8,Sinclair
7,Spearheads
9,Disaster
9,Relief
1,rally
1,#jpquake
3,#Twitter
3,#philanthropy
2,#archforhumanity
1,#120
3,sq
2,ft
1,#iPAD
1,factory
2,Omg
1,LONG
1,Alot
1,dull
2,Spearheading
2,#socialgood
1,starbucks
1,smear
2,banana
1,retarded
1,ape
1,Adaptive
1,Bitrate
2,Streaming
1,Afraid
3,resurgence
3,NYT
2,grid
2,layout
2,gatorade
2,#vom
2,impressive
1,seriously
1,#uselessobservations
1,null
1,450
2,agree
1,punctuate
1,sport
1,Cops
2,geogames
1,Tried
1,initiate
1,carpooling
1,ridonkulous
1,taxi
1,silent
2,bos
2,Added
2,Linkedin
2,=)
1,ADD
1,hyperactivity
1,distraction-I've
1,5min
1,#workinprogress
1,drama
2,capture
1,#checkinfrenzy
1,#scaletest
2,Dennis
1,comic
1,:]
2,#HootSuite
1,onto
1,;]
1,whore
1,PCs
1,carrie
3,Cc
1,Tuh
3,#wth
1,YES
1,ultimate
1,offsite
3,Woman
2,Nook
2,Curve
2,purse
2,Lakers
2,receive
2,Entice
3,Packing
1,UK
1,Especially
2,interested
1,health
1,#hcsmeu
1,#fanboy
1,#corporatewhore
1,#dmad
1,#what
2,Nah
1,lie
1,shit
1,#bigmistake
3,IPAD
1,6.5
1,75-80
1,Breaking
5,photography
1,else's
1,Chips
3,chip
2,appear
1,Miller
1,Light
1,inspire
1,planner
1,#eventprofs
2,#insanity
1,out-of-town
1,douchebag
3,sticker
3,Quantter
1,Risk
1,BBC
1,reporter
1,Kinect
1,trans-device
2,connectivity
1,mistakenly
7,#pepsicostage
5,Source
1,#twit
1,#geekbeat
1,Idea
1,hood
1,snuggie
1,tummy
2,pocket
1,#TeleTubbie
3,swag
8,register
1,tyson
1,season
1,whenever
1,financially
1,sound
1,literally
9,drop
4,foot
1,webos
2,Rob
1,Without
2,Shoes
1,Thoms
2,LAX
2,suitcase
2,entirely
2,energy
2,wire
2,#BlowingUp
1,Productivity
1,hookup
1,dog
5,FaceTime
2,DT
1,camp
3,#AppleStore
2,sky
1,Click
2,#launch
1,iPods
1,Festival
2,commercial
1,Kenya
1,tha
1,NXDC
1,#downloaded
1,Heartbreaker
1,Sadly
2,seeker
1,Jesus
1,hockey
1,mask
1,Awaiting
1,Keynote
1,Poole
1,#TwitPict
1,Eating
1,kitkat
1,Gotta
3,Americans
1,measure
1,Successful
1,Learned
1,insight
1,knowledge
2,playlist
1,Wrote
1,Whole
1,Geekdom
2,collective
1,shy
1,#mint
1,goal
1,finance
1,steve
1,hat
2,autocorrected
2,Took
1,#elonsxsw
2,html
1,javascript
1,integration
1,Browsers
1,compete
1,collaborate
1,System
1,amoral
1,Updated
1,shopping
1,Bluefly
1,Boots
1,#fastcompanygrille
1,makery
1,bank
1,#bankinnovation
3,per
1,capital
1,Foxconn
6,water
2,clothes
1,#Naomi
1,Ca
1,Hacky
1,Sack
4,Leo
1,Laporte
1,pledge
1,fan's
2,GB
1,Wifi
4,Talks
1,Beast
1,Newsweek
1,#thedaily
1,#barrydiller
1,Newsbeast
1,Merger
1,#Barry_Diller
1,#iac
1,#Newsweek
4,newspaper
1,supersede
2,Driskill
1,Hotel
1,Bar
3,colleague
1,who'll
1,Vegas
1,aid
3,adoption
3,#mobilefarm
2,police
1,Ginger
1,Man's
1,bathroom
1,829
3,midnight
1,141st
1,38
2,catch
1,decline
1,IV
1,pukey
1,jet
1,smelling
1,fart
2,Managed
1,slice
1,Terp
1,2it
1,former
1,coworker
1,Mars
1,NASA
1,Room
1,12AB
1,22
2,tsunami
1,Mostly
3,mouse
1,Alamo
1,Lake
1,Mine
1,screenburn
2,asleep
2,Exist
2,Hello
2,#hollergram
1,lobby
1,speller
4,word
1,Logo
1,Tattoo
2,Lost
1,#HELP
1,Request
1,Where's
1,#Thx
2,Whrrl
2,24/7
3,ecosystem
2,MP3
2,#critthink
1,#LOVE
1,<=>
1,Valuable
1,Critical
1,Tasks
1,uber.la
1,Desperately
2,vaccine
2,iPhone-onset
2,prostate
2,cancer
2,chortler's
3,cough
2,mustachepox
2,#crm
2,#scrm
2,3/13
2,ACT
2,VIPorbit
1,poem
1,Scepticism
1,express
1,10.5
1,#sleepy
1,kingdom
1,unlocked
1,Gingerman
1,gent
1,kilt
1,#NNNNEEERRRRDDDDSSS
3,#nfusion
1,Do-It-Yourself
1,Hunts
2,#LI
5,ya
1,dieing
1,hunger
1,Bah
1,wipe
1,#206
1,#estyaustin
1,Venue
1,222
2,36
2,heh
1,LUV
4,wknd
2,evidence
2,United
2,States
1,Yup
1,wake
1,recharging
1,Hehe
3,deck
3,KILLING
2,frame
3,Hearing
2,wander
1,slow
1,4:45
3,easily
1,Spent
1,45
1,29
1,Digg
2,John
1,Lennon
1,Educational
1,Tour
1,Bus
2,moment
2,nearly
1,Birthday
1,Indeed
3,#AppleATXdt
1,Witness
1,Spectacle
1,oppty
1,tempting
3,important
1,ability
4,movie
1,mp3
1,recorder
1,flipcam
1,yup
1,#MSUSXSW
2,27
2,LCD
2,cinema
2,display
2,living
1,#iminfanboycentral
2,mac
1,Bringing
1,surgery
1,prayer
1,repay
3,Charging
2,gummy
1,bear
1,#hhonorsrecharge
1,Station
1,practical
2,Jazz
2,Hands
4,#pushio
1,Houston
1,hysterical
1,covet
1,electric
2,San
2,Antonio
1,throughout
2,cause
2,goings-ons
2,Hollergram
1,Appears
2,Promote
1,#games
1,#miketyson
2,highlight
2,co-founder
2,Williams
1,Arrived
1,wife's
1,iMac
2,#VideoGames
2,#Tyson
3,#art
2,#cartoon
4,double
2,fisting
1,Despite
1,alley
1,burlesque
1,930a
1,#saatchiny
2,12th
1,#zaarlyiscoming
1,autographs
3,box
1,mighty
1,fall
1,punchout
1,1985
1,facial
1,junkie
1,podcast
1,correct
1,nostalgic
1,Jumped
1,shark
1,txts
1,Correction
2,prepared
2,he's
2,dashboard
2,cell
1,Grouped
1,decency
1,blush
2,Map
1,function
1,#NerdsUnite
1,true-and
1,bound
1,land
1,#indieauthors
1,Sanders
2,author
1,<Seriously!>
1,Dear
1,lend
1,Wed-Mon
1,9-14
3,thank
1,Tandy
1,Grandfather
1,resource
2,Making
4,accidentally
1,Ignite
1,Crowdsourced
1,Dongle
6,300
5,deep
1,readable
3,Life
2,Online
3,Podcast
3,#DickBar
3,IE6
3,#LolShow
2,stretch
1,landscape
1,cartridge
2,contest
1,Things
1,Dope
1,#get_a_lyfe
1,LinkedIn
1,Nelson
1,Medina
1,h
1,Lines
1,#edapps
1,#apraxia
1,#sped
1,knew
1,fancy
1,4g
1,rock-steady
1,#gofigure
2,Note
2,skinny
2,tie
1,jean
1,wayfarer
1,enablers
1,DownLoading
1,#TheRocksReport
1,Software
2,road
2,Downloading
1,innovative
2,immersive
1,history
1,Operation
1,Ajax
1,Child
2,OK
1,visiting
5,Iphone
3,13
2,H2O
3,Art
2,Show-free
2,106
2,E
2,#longform
2,toward
2,workplace
4,Kindle
1,#AppleApple
1,#BrianLam
1,Congo
1,Os
1,Ipanemas
1,Discovr
6,Live
1,better
1,#veriphone
1,#vzw
1,#smileyparty
1,web-browsing
1,app-downloading
1,iPhone-toting
1,#pepsi
1,#at038t
1,Drop
1,venues
1,concierge
1,glad
2,copy
1,Wore
1,Genius's
2,process
2,Wow
1,4this
2,recommend
1,WTH
1,clock
1,Queue
1,#brand
1,#values
1,#innovation
2,strategy
2,bookselling
1,Wed
1,#MEGABLAAG
1,sho
1,3:39
1,lent
1,remote
1,#beprepared
1,Ten
1,percent
2,Mint
3,Challenges
3,Teases
2,Contest
2,User
1,Pulse
1,daylight
1,glitch
2,chatter
1,#1443
1,schwag
1,cleaner
1,2g
2,shuffle
3,raffle
1,eod
1,f
2,3/18
1,#Help
2,advance
2,#getoutthevote
3,#startup
1,#cbus
1,#cbustech
1,Feel
1,amazing
1,footage
1,torrent
1,BBerry
2,YayRT
1,printer
1,#instaprint
2,entrepreneur
1,on-line
1,consignment
1,outdated
2,Control
1,vibrator
1,#awkward
1,monetize
1,Heh
1,Pengen
1,jdnya
2,#pvhouse
2,snacker
2,popchicks
2,#win
1,long-time
1,SmartFriend
1,tm
1,Cha
1,EVR's
2,preview
1,#evrmobile
1,Excited
1,family
1,PepsiCo
1,Playground
1,detour
1,Thursday
1,Febuary
1,Welcome
1,lotsa
1,importantly
2,occasionally
1,35
1,Earlier
1,Shawn
1,Blanc
1,#mac
2,#Tech
1,cannot
1,#quake
1,victim
1,#Google
1,#peoplefinder
2,cult
1,emotional
1,magical
1,#technopriest
1,million
1,shuffleboard
1,wax
1,sprinkler
2,CC
1,Speaking
1,#mindjet
1,Entering
1,ez
1,Limited
1,Cause
1,voluntarily
1,#Kawasaki
1,#thisisdare
1,Bandcamp
1,Offering
2,#Music
1,#bandcamp
1,developers
1,2:45
1,MP
1,Gaga
2,sayeth
3,Mindjet
1,WordPress
1,non-billing
1,addr
1,Hookers
1,accept
1,coochie
1,Put
2,coolest
2,#fastcompanygrill
2,ballroom
1,ixd
1,Latest
1,Moose
1,Tracker
1,showcase
4,making
1,international
1,Spotted
1,besides
5,mine
1,pop-uitp
1,impulse
1,j.mp/i41H53
2,<-
1,#ooc
4,Aron
4,Pilhofer
3,York
4,endorse
4,#NewsApps
1,reveals
1,average
1,NYT's
1,Oscars
1,16mins
2,blow
1,YAY
1,classy
1,fascist
1,Kara
1,Swisher
1,Possible
2,reason
1,#Appletogo
1,cross
1,tent
1,Lol
1,<3
1,#publicradio
2,Enchantment
2,trustworthiness
2,likeability
2,#virgin
1,Analytics
1,"58,967"
1,rank
2,y'all
1,#assistivetech
1,#augcomm
1,#mhealth
2,#FREE
2,#Taplynx
2,licence
2,bit.ly/pushsxsw11
1,pop-u
1,favorited
2,doo
2,dah
1,9:35
1,CST
1,Ain't
1,Travolta's
1,Arrow
1,Steve's
2,anti-theft
2,protection
2,latte
1,finagles
2,earn
1,awareness
1,#harhar
2,#crazyco
1,Bastards
1,temptation
2,Front
1,#pubcamp
1,#kirkus
1,Qrank
1,pubcamp
2,Pre
2,Death
2,Flash
2,##UXDes
2,#dvsg
2,disrupt
4,Visa
2,Master
2,Card
2,#lost
2,#reward
2,#Cab
2,512-457-8800
2,swarm
3,Mophie
2,relatable
2,discoverable
2,#digital
1,#15slides
1,Gruber
1,Extended
1,Keyboard
1,discontinue
1,1991
1,169
1,Loud
1,writes
1,hundred
1,Joe
1,Berry
1,#connectedcar
1,buck
1,Cheese
1,Grilled
1,Triple
1,Pork
1,Sandwich
1,doom
2,Scarborough
4,bldg
2,"1,000"
1,downloads
2,total
2,97
2,farmer
2,43
3,smartphone
2,Marketshare
2,33
2,18
1,gain
3,never
6,Apparently
1,mover
1,shaker
1,loyalist
4,tonite
4,#sxtxstate
2,grow
2,WUT
2,Pops
2,Event
1,align
2,CES
2,GDC
1,force
1,#nisxsw
1,#inagist
2,#awesome
1,hawk
2,California
1,following
1,danger
2,#retail
2,horde
2,purchaser
2,#morefunpeoplewatching
2,trace
2,risk
3,taker
2,Lavaca
2,#Mac
1,NY
3,recommendation
1,#CHAOS
1,preso
2,pause
2,#tveverywhere
2,iSpyArt
2,#artallaround
6,disc
2,Create
1,fav
1,Wearing
2,denim
2,pal
1,Badger
1,Angel
1,#contest
2,pickup-line
1,Gave
1,Boooo
1,retweet
1,Celebrate
1,Beauty
1,MSFT
1,#IE9
1,#html5
2,Checkout
2,#TronLoungeSXSW
2,Disney
2,TronLegacy
2,R3CONF1GUR3D
2,Soundtrax
2,#wp7dev
2,smackdown
3,Iron
2,Dev
2,Kudos
2,#ARM's
1,cup
1,joe
1,Evri
1,206
2,Contactless
2,trialled
2,ANZ
2,Bank
2,due
2,boycotting
2,"5,000"
1,Couple
1,politics
1,Danfung
2,rig
1,Hell
2,Back
1,ditch
1,previous
1,factor
2,today's
1,multichannel
1,multi
1,#KetchSX
2,Dispatches
4,#aspengrove
2,#line
2,#tx
2,comfort
2,Ex
2,NYTimes
2,Fantasy
2,Bracket
2,GiveAway
2,#constantcontact
2,#MarchMadness
2,#SelectionSunday
1,Fellow
3,panelist
4,shot
2,hunt
1,Java
1,dawg
1,3.0
2,Lemonade
2,Stand
2,OWLE
2,Bubo
3,coupon
2,SBSW
2,#almedia
1,Checkin
1,location-based
1,onsulting
1,stimulate
1,doubt
1,compile
1,#Droid
1,#jmc322
1,statement
2,dammit
2,Pop-POP
1,We'd
1,exhibitor
1,Retrollect
2,bout
1,REALLY
2,Hitchery
2,Summon
1,Nothin
1,peek
1,slat
3,#techi
1,hobo
1,McRee
1,sauce
2,mock
1,tech-nerds
1,horror
1,Smarty
1,Ears
1,#sxsh
1,timesheets
1,integrate
1,dynamic
1,synergy
1,#digisxsw
1,stroke
2,yr
2,#POURsite
2,MT
1,saving
1,#guilttrip
1,impulsive
2,Selling
1,32gb
3,3g
1,rabbit
1,Toddlers
2,direct
1,trap
1,metaphor
1,PEOPLE
1,brilliant
1,Spider
1,Secret
1,Bryce
1,Manor
1,cent
1,BUY
2,#TheInternet
1,stack
1,pizza
1,32
1,GIVEAWAY
3,Retweet
1,Entered
1,#samsungsxsw
1,addition
2,scar
2,foreshadowing
2,auto-corrected
2,merrier
2,nerdier
2,#Apple's
2,conserve
2,difference
2,iTC
1,order
1,silly
2,japan
1,Sbux
1,quake
1,NHK
2,public
1,common
2,Leaving
3,cry
7,always
2,Adele
2,Fiona
3,mix
2,solace
2,#StartupBus
3,crossroad
3,Closer
3,demand
3,Liz
3,phair
1,fucking
1,Californians
1,Livetapp
1,#rewards
2,blogger
2,Tues
2,MeetingWave
2,app's
2,1.5
2,Submitting
1,MS
2,install
2,key
2,shortly
1,Grand
2,pity
3,busy
2,Includes
1,#Mashabl
1,inclds
1,JOEPIEEE
3,Newspapers
6,young
2,TG
4,group
1,#Idealab
2,#IL
1,application
1,consumerization
1,enterprise
2,#cloud
1,hardcore
1,self
2,useful
2,#vimeo
2,upload
2,#li
2,#video
1,6:30
1,degree
1,Badges
1,house-go
2,Sat
2,Chatting
2,husband
2,skype
3,BPM
2,Public
2,Service
2,Announcement
2,Drinks
2,zazzle
3,Random
2,#randomactofkindness
1,arm
3,giant
1,meat-pointer
1,hilarious
1,#moneytoburn
1,alignd
1,ths
1,CHART
1,DAY
1,Competition
1,Toast
1,#hcmktg
1,#gpp
1,mapper
1,Entry
1,amazingly
1,dtwn
7,exclusive
5,liberty
2,Tribes
3,Learn
5,#DgtlTribe
2,11am
1,Scenes
1,#cnnmoneysxsw
2,Shhhh
2,Promo
4,Developers
1,Shiny
1,Christmas
2,Shoe
1,hide
1,Beechwood
1,Yobongo
3,where's
1,Sound
1,Voice
1,exploit
1,Buy's
1,14
1,policy
1,iMacs
1,surround
1,unemployed
1,techie
1,brooklyn
2,penetrates
2,TVs
1,cautiously
1,optimistic
1,#nerd
1,Surprised
2,Tomlinson
1,revenue
2,subscription
2,Text
2,24587
2,Drawing
2,3/17
2,Friends
2,#CNNGrill
3,celebrate
2,#piday
2,pecan
2,strawberry
2,rhubarb
2,pie
2,circumference
1,COME
1,finally
1,dwindle
1,blur
1,offic
1,Blogging
1,taste
1,whirlwind
1,#springbreak
1,#notenoughplaid
3,duck
2,expose
2,4chan4eva
1,phenomenal
1,anymore
2,child
1,#connectedbrands
1,periscope
1,Security
1,protect
2,#App
1,impediment
3,Tomorrow's
3,#CSS
3,Opera
3,Chrome
3,IE
3,Mozilla
3,W3C
3,downstairs
2,folks
2,Ahem
1,UBER
1,BRAND
1,SMART
1,Gonna
1,step
1,forward
2,mag
2,path
1,Debating
1,#byebyemoney
1,strong
1,mmm
2,iPad-made
2,whatever
2,liquid
2,exp
2,Showing
3,example
2,#liquidux
1,tinker
1,ninety
1,shiny
1,TR
2,mile
2,DM
3,i'll
1,Amer
1,5-7
1,XWave
1,headset
1,Woohoo
1,do-it-yourself
1,scavenger
1,#TWiT
2,seatmate
5,add
1,Prepare
1,30-45
1,extras
1,Fuzzy
1,Jake
1,Gyllenhaal
1,Duncan
1,BigD
1,Drupal
1,tribe
1,powerful
1,FOUND
1,iPHONE
1,Volunteer
1,item
1,distant
2,third
1,reading
1,absolutely
1,necessary
1,relevancy
1,Zappos
1,corporation
2,found
1,sixth
1,STILL
1,#dickbar
1,guerrilla
1,#popupshop
1,TiPb
1,Agency
1,#savesxsw
1,Doors
1,#trollfoot
1,C'mon
1,stylish
1,belt-clip-gadget-holster
1,oxymoron
1,batman
1,utility
1,belt
1,MBA
1,Overdrive
1,Hotspot
1,Headphones
1,Literally
1,tshirts
1,Dont
1,conversing
1,#tweetignite
1,manage
1,allow
1,select
1,solution
1,#GeeksRejoice
1,4me
1,Andro
1,Blackberr
1,exercise
1,900
1,winner
1,hail
1,#iphoneapp
1,Pic
1,iPad-winning
1,performance
1,#accordion
1,#toodamnlucky
1,10x2
1,beast
1,lucky
1,Missed
1,#TouchingStories
1,sketch
1,passport
1,stamp
1,newly
1,shout
1,#ncbshow
1,Half
1,#futureoftouch
6,Checking
1,event_IAP
1,5507
1,#Tapworthy
1,#wasteoftimeatsxsw
1,god
1,hashtags
2,Know
1,situation
1,line's
1,#latenightgeeks
1,waterproof
1,pouch
1,Linkdown
1,RISE
1,Poopin
1,Rolling
1,Shuttle
1,Club
2,disability
1,answered
1,Juicing
1,volt
1,boothe
1,thier
2,appreciate
1,#Retail
1,Geeks
1,superstar
1,sxswpopup
1,hug
1,crowley
1,#tip10
1,#cnnsxsw
1,used
1,Motorola
1,XOOMs
1,#tabletwars
1,Sterling
1,#sendai
1,#prayforjapan
1,#beforetwitter
1,#tiesto
1,#hotel
1,#airplane
1,#food
1,#gaming
1,Kindda
2,pen
1,immediate
1,analytics
1,#OpenBeta6
1,#usguys
1,asap
1,#EhTeam
1,#kneejockey
1,relate
1,dream
1,invent
1,dispenses
1,chili-cheese
1,fry
1,#allcomfortfooddiet
1,Fell
1,Hour
1,Springing
1,#PHOTOGRAPHY
1,vids
1,Lightbox
1,Wants
1,Camera
1,#NewAndroid
1,Insane
1,foresight
1,overstock
1,prepare
1,usual
1,nite
1,thousand
1,#mosaicxm
1,delivering
1,furniture
1,LIVE
1,logos
1,86
1,lengthy
1,presumably
1,Jackie
1,#UsGuys
1,friggen
1,tower
1,temporarily
2,Report
1,struggle
1,boil
1,Folks
1,PowerPad
1,Dual
1,1850
1,contraption
1,fortuitous
1,#ignitesxsw
1,personality
1,Busiest
1,98
2,Probably
1,etiquette
2,navigation
1,Carr
1,transport
1,Protip
1,Kill
1,task
1,closing
1,sister
1,co
1,pub
1,IceBreaker
1,#leanstartup
1,unfortunate
2,domain
1,#RebelTV
1,spirit
1,producer
1,hopefully
1,DL
1,Bump
1,automatic
1,dispenser
1,Buttons
1,#purchase
1,craziness
1,360
1,da
1,64
1,gig
1,Chargers
1,Pants
2,Missing
1,dont
1,iphones
1,browsering
1,#IE
1,:-|
2,popping
1,glut
1,Epic
1,crow
1,Kaiju
1,Hero
1,childish
1,judge
1,appreciation
1,#backinbusiness
1,report
1,TWIT
1,#Sonoma
1,#hipstamatic
1,Clarity
2,trump
1,density
3,tap
1,quality
1,quantity
1,recap
1,informed
1,clutter
1,X-Ray
1,Options
2,menu
1,Contextual
1,ex-Apple
1,ex-Pentagram
1,industrial
1,bracelet
1,harrymccracken
1,goer
1,groupme
1,Denis
1,Crowley
1,#jealous
1,Fanbois
2,truly
2,material
2,Jonathan
2,VP
1,donkey
1,#hpsxsw
1,60
1,Bryan
1,#garyvee
1,grape
1,brat
1,cheesesteaks
1,#squarespace
1,stomach
1,Apple'd
1,Austin's
1,#gonnagetanipad2
3,Here's
1,Many
1,#Li
3,#Posterous
1,#PosterousEvents
1,#tools
1,#photos
1,bail
1,butt's
1,#notreally
1,Theophilus
1,London
1,#swag
2,#applestore
1,outsell
1,mark
1,restroomi
2,Guess
1,trustworhy
1,#Companies
1,#features
1,#hardware
1,Megastore
1,Nicholas
1,Jackson
1,Atlantic
1,AmEx
1,Teams
1,#GPS
1,#Social
1,#commerce
1,#credit
1,#viral
1,attendance
1,exceeds
1,"13,000"
1,flood
1,Consulting
1,investor
1,segment
1,220
1,billion
1,compact
1,disk
1,UberGenius
1,Uber
1,Pedicabs
1,#LIVESTRONG
1,#NewYorkCity
1,#SanFrancisco
1,Zeus
1,promise
1,gamification
1,Krug
1,Explains
1,#skrugSXSW
1,go2
1,Vanessa
1,1406
1,saver
1,safe
1,gutter
1,hearing
1,Perimeter
1,Mall
1,#knowyouraudience
1,strict
1,designing
1,rule
1,relax
1,#uxamandroid
1,men
1,delicious
1,golden
1,gala
1,focus
1,advice
1,#citizen_journalism
1,#cnn
1,#ireport
1,#photography
1,world's
1,violin
2,Former
1,chief
2,evangelist
1,hometown
1,#WordPress
1,earlier
1,onsite
1,repair
1,apart
1,reassemble
1,Simply
2,dislike
1,constantly
1,smartypants
1,#WIDFY
1,convenient
1,Adloopz
1,Advertising
1,Personalized
1,#Mobile_Apps
1,#Echo_Nest
1,#rhapsody
1,ink
1,Locals
1,too--prove
1,mkt
1,survive
1,monster
1,mash
1,plush
1,Apples
2,jargon
1,translate
1,strike
1,pose
2,Sony
2,Samsung
1,broken
1,dosen't
1,heal
1,rsvp
1,RSVP
1,Perfect
1,Attendance
1,LIGHT
1,BAR
1,PLEASE
1,POP
1,www.zaggle.org
1,Frid
2,Helpful
1,hint
1,3/4
2,Current
1,notepad
1,#viztalk
1,ultralite
1,AGREED
1,huuray
1,Docomo
1,introduce
1,six
1,#jpmobilesummit
1,Jaysis
1,Noh
1,donlot
1,NU
1,sketchy
1,extenders
2,host
1,race
1,SMS
3,pink
2,slip
1,9abc
2,Talk
1,lame
1,g
1,stole
1,#bike
1,master
1,discs
1,impromptu
1,rabid
1,pad
1,laport
1,ipadtoday
1,loud
2,gun
1,head.Give
1,Parra
2,thunderbolt
2,Email
2,deshi
2,80227
1,four
1,digit
1,7322
1,Ad
1,jg
1,buat
1,Wurst
1,writin
1,makin
1,plowed
1,stampede
1,woo
1,Late
1,restock
1,alarm
1,day's
1,DoDo
1,Cases
1,ab
1,#mashhash
1,Post-Mobile
1,Experiment
1,#overtweeting
1,LOST
1,multicolor
1,reward
1,Lotta
1,assistant
1,stage
1,#franken
1,#stribpol
1,incredible
1,wankery
1,stake
1,Noteshelf
1,recently
1,NotesPlus
1,Brushes
1,animation
1,Warm
1,hate
1,fanboys
1,valid
1,tho
1,appointment
1,direction
1,nearby
1,4.3
1,chug
1,prepped
2,worm
1,bird
1,#AustinCrowd
1,#Posterous_Events
2,Test
1,Cult
1,Forth
1,Pick
2,carefully
1,Direct
1,donation
1,plz
1,thanx
1,meetin
1,#iphonedev
1,#androiddev
1,Nicer
1,exactly
1,iDevice
2,Enjoying
1,Hollywood
1,Silicon
1,Valley
1,by-the-pool
1,cowboy
1,boot
1,vibe
2,unless
1,unboxing
1,decent
1,unreal
1,walked
1,merely
1,minor
1,Home
1,tough
1,flow
1,dunno
1,#caniexpenseanipad
1,270
1,enthusiast
1,Texting
1,War
1,Heats
1,#mobilenews
1,Group-texting
1,ATTN
1,TechStars
1,freecreditscore
1,protip
1,signal
1,Artist
1,duckett
1,Song
1,Instrumental
1,Creative
1,Commons
1,congrats
1,level
1,fave
1,PengAirborne
1,#dowtimebetweensessions
1,#iamagameshater
1,Congrats
1,#SmileyParty
1,inbox
1,90999
1,En
1,90
1,Memento
1,Momento
1,Diary
1,Contests
1,Juan
1,commuter
1,study
1,N00B
1,warp
1,Released
1,Magazine's
1,execs
1,make-shift
1,#tbwasxsw
1,straight
1,welcome
1,#printisnotdead
1,#digitalblasphemy
1,fond
1,#Verizon
1,Nooooooooooooooo
1,Louis
1,Vuitton
1,Called
1,Amble
1,#digitalluxury
1,inthat
1,#WAM
1,tweeps
1,freak
1,#analog
1,Rule
1,Promise
1,#casualeducationgames
1,proposal
1,textbook
1,mass
1,Npr
1,affiliate
1,npr
1,firefighter
1,coder
1,grateful
1,Twitterstream
1,empathy
1,interfaces
1,schema
1,heading
1,nu
1,bij
1,constuction
1,circle
1,Kanye's
1,Vevo
1,global
1,#SteveMartocci
1,Record
1,Within
1,Glenda
1,Watson
1,cerebral
1,palsy
1,communicate
1,stranger
1,#poursite
1,relay
1,impart
1,recon
1,Phil
1,Cruisin
1,venue
1,looong
1,#Beiber
1,belly
1,cam
1,IN1102
1,#globalmoxie
1,elevator
1,T-mobile
1,prepaid
1,txt
1,eventful
1,notice
1,#stunned
1,ipad-designing
2,xD
1,jam
1,#Hurricane
1,#Party
1,#smm
1,#geo
1,CHEESE
1,FTW
1,UNLV
1,Pearl
1,Harbor
1,blind
1,Nothing
1,#webos
1,Hmm
1,_a
1,slew
1,inc
1,#4sq3
1,Hipsters
1,oversized
1,earphone
1,loose
1,law
1,Tired
1,proliferation
1,reunion
1,anyway
1,360iDev
1,Filmakers
1,attendence
1,Crowds
1,#score
1,tinfoil
1,minimize
1,tear
1,wasnt
1,fruit
1,optimal
1,Lanyrd
1,WANW
1,FRIENDS
1,set-up
1,ZIP
1,devastation
1,artifact
1,recollection
1,#YourMom
1,underneath
1,Kind
1,nutshell
1,Sq
1,billboard
1,Real
1,influencers
1,Preso
1,l'express
1,pas
1,Road
1,Nowhere
1,visto
1,primo
1,os
1,con
1,cast
1,script
1,1.75
1,spectacle
1,personal
1,corp
1,asset
2,Taptu
1,HD
1,disgrace
1,entrepreneurial
1,cornered
1,#MarissaGoogle
1,trouble
1,Officially
1,iPad-ed
1,Brought
1,train
1,#frugality
1,aps
1,injury
1,Bicycle
1,concrete
1,ouch
1,Fortunately
1,12
1,pm
1,non-iPad
1,#groan
1,#overheard
1,#normalpeople
1,yay
1,mayhem
1,dear
1,#justsayin
1,kiosk
1,Soooo
1,#Justsayin
1,#FF
1,complain
1,Yorkers
